District,Zone,Geographical Region,Development Region,Types,Area in ha
Taplejung,Mechi,Mountain,Eastern,"Total
Forest
Area",112256
Taplejung,Mechi,Mountain,Eastern,Shrub,56362
Taplejung,Mechi,Mountain,Eastern,"Agricultural
land/ grass",70946
Taplejung,Mechi,Mountain,Eastern,"Water
bodies",405
Taplejung,Mechi,Mountain,Eastern,"Barren
land",37757
Taplejung,Mechi,Mountain,Eastern,Snow,60115
Taplejung,Mechi,Mountain,Eastern,Others,27496
Panchthar,Mechi,Hill,Eastern,"Total
Forest
Area",53182
Panchthar,Mechi,Hill,Eastern,Shrub,14369
Panchthar,Mechi,Hill,Eastern,"Agricultural
land/ grass",54078
Panchthar,Mechi,Hill,Eastern,"Water
bodies",181
Panchthar,Mechi,Hill,Eastern,"Barren
land",326
Panchthar,Mechi,Hill,Eastern,Snow,29
Panchthar,Mechi,Hill,Eastern,Others,0
Ilam,Mechi,Hill,Eastern,"Total
Forest
Area",72214
Ilam,Mechi,Hill,Eastern,Shrub,31649
Ilam,Mechi,Hill,Eastern,"Agricultural
land/ grass",64595
Ilam,Mechi,Hill,Eastern,"Water
bodies",236
Ilam,Mechi,Hill,Eastern,"Barren
land",2873
Ilam,Mechi,Hill,Eastern,Snow,0
Ilam,Mechi,Hill,Eastern,Others,0
Jhapa,Mechi,Terai,Eastern,"Total
Forest
Area",13239
Jhapa,Mechi,Terai,Eastern,Shrub,1863
Jhapa,Mechi,Terai,Eastern,"Agricultural
land/ grass",141795
Jhapa,Mechi,Terai,Eastern,"Water
bodies",778
Jhapa,Mechi,Terai,Eastern,"Barren
land",6517
Jhapa,Mechi,Terai,Eastern,Snow,0
Jhapa,Mechi,Terai,Eastern,Others,0
Morang,Kosi,Terai,Eastern,"Total
Forest
Area",43814
Morang,Kosi,Terai,Eastern,Shrub,6040
Morang,Kosi,Terai,Eastern,"Agricultural
land/ grass",126955
Morang,Kosi,Terai,Eastern,"Water
bodies",1374
Morang,Kosi,Terai,Eastern,"Barren
land",4996
Morang,Kosi,Terai,Eastern,Snow,0
Morang,Kosi,Terai,Eastern,Others,0
Sunsari,Kosi,Terai,Eastern,"Total
Forest
Area",21304
Sunsari,Kosi,Terai,Eastern,Shrub,1508
Sunsari,Kosi,Terai,Eastern,"Agricultural
land/ grass",91799
Sunsari,Kosi,Terai,Eastern,"Water
bodies",6262
Sunsari,Kosi,Terai,Eastern,"Barren
land",6861
Sunsari,Kosi,Terai,Eastern,Snow,0
Sunsari,Kosi,Terai,Eastern,Others,0
Dhankuta,Kosi,Hill,Eastern,"Total
Forest
Area",26324
Dhankuta,Kosi,Hill,Eastern,Shrub,14598
Dhankuta,Kosi,Hill,Eastern,"Agricultural
land/ grass",47350
Dhankuta,Kosi,Hill,Eastern,"Water
bodies",549
Dhankuta,Kosi,Hill,Eastern,"Barren
land",982
Dhankuta,Kosi,Hill,Eastern,Snow,0
Dhankuta,Kosi,Hill,Eastern,Others,0
Terhathum,Kosi,Hill,Eastern,"Total
Forest
Area",20033
Terhathum,Kosi,Hill,Eastern,Shrub,12489
Terhathum,Kosi,Hill,Eastern,"Agricultural
land/ grass",34917
Terhathum,Kosi,Hill,Eastern,"Water
bodies",129
Terhathum,Kosi,Hill,Eastern,"Barren
land",494
Terhathum,Kosi,Hill,Eastern,Snow,0
Terhathum,Kosi,Hill,Eastern,Others,0
Sankhuwasabha,Kosi,Mountain,Eastern,"Total
Forest
Area",159872
Sankhuwasabha,Kosi,Mountain,Eastern,Shrub,48476
Sankhuwasabha,Kosi,Mountain,Eastern,"Agricultural
land/ grass",71335
Sankhuwasabha,Kosi,Mountain,Eastern,"Water
bodies",975
Sankhuwasabha,Kosi,Mountain,Eastern,"Barren
land",23723
Sankhuwasabha,Kosi,Mountain,Eastern,Snow,40825
Sankhuwasabha,Kosi,Mountain,Eastern,Others,0
Bhojpur,Kosi,Hill,Eastern,"Total
Forest
Area",61448
Bhojpur,Kosi,Hill,Eastern,Shrub,22207
Bhojpur,Kosi,Hill,Eastern,"Agricultural
land/ grass",66525
Bhojpur,Kosi,Hill,Eastern,"Water
bodies",552
Bhojpur,Kosi,Hill,Eastern,"Barren
land",1284
Bhojpur,Kosi,Hill,Eastern,Snow,0
Bhojpur,Kosi,Hill,Eastern,Others,0
Solukhumbu,Sagarmatha,Mountain,Eastern,"Total
Forest
Area",86002
Solukhumbu,Sagarmatha,Mountain,Eastern,Shrub,49628
Solukhumbu,Sagarmatha,Mountain,Eastern,"Agricultural
land/ grass",67424
Solukhumbu,Sagarmatha,Mountain,Eastern,"Water
bodies",571
Solukhumbu,Sagarmatha,Mountain,Eastern,"Barren
land",59670
Solukhumbu,Sagarmatha,Mountain,Eastern,Snow,50037
Solukhumbu,Sagarmatha,Mountain,Eastern,Others,19509
Okhaldhunga,Sagarmatha,Hill,Eastern,"Total
Forest
Area",32363
Okhaldhunga,Sagarmatha,Hill,Eastern,Shrub,15592
Okhaldhunga,Sagarmatha,Hill,Eastern,"Agricultural
land/ grass",58858
Okhaldhunga,Sagarmatha,Hill,Eastern,"Water
bodies",352
Okhaldhunga,Sagarmatha,Hill,Eastern,"Barren
land",729
Okhaldhunga,Sagarmatha,Hill,Eastern,Snow,0
Okhaldhunga,Sagarmatha,Hill,Eastern,Others,0
Khotang,Sagarmatha,Hill,Eastern,"Total
Forest
Area",61039
Khotang,Sagarmatha,Hill,Eastern,Shrub,22571
Khotang,Sagarmatha,Hill,Eastern,"Agricultural
land/ grass",74328
Khotang,Sagarmatha,Hill,Eastern,"Water
bodies",931
Khotang,Sagarmatha,Hill,Eastern,"Barren
land",2020
Khotang,Sagarmatha,Hill,Eastern,Snow,0
Khotang,Sagarmatha,Hill,Eastern,Others,0
Udayapur,Sagarmatha,Hill,Eastern,"Total
Forest
Area",109404
Udayapur,Sagarmatha,Hill,Eastern,Shrub,15766
Udayapur,Sagarmatha,Hill,Eastern,"Agricultural
land/ grass",70005
Udayapur,Sagarmatha,Hill,Eastern,"Water
bodies",1150
Udayapur,Sagarmatha,Hill,Eastern,"Barren
land",6587
Udayapur,Sagarmatha,Hill,Eastern,Snow,0
Udayapur,Sagarmatha,Hill,Eastern,Others,0
Saptari,Sagarmatha,Terai,Eastern,"Total
Forest
Area",30286
Saptari,Sagarmatha,Terai,Eastern,Shrub,82
Saptari,Sagarmatha,Terai,Eastern,"Agricultural
land/ grass",94397
Saptari,Sagarmatha,Terai,Eastern,"Water
bodies",3154
Saptari,Sagarmatha,Terai,Eastern,"Barren
land",8169
Saptari,Sagarmatha,Terai,Eastern,Snow,0
Saptari,Sagarmatha,Terai,Eastern,Others,544
Siraha,Sagarmatha,Terai,Eastern,"Total
Forest
Area",20202
Siraha,Sagarmatha,Terai,Eastern,Shrub,679
Siraha,Sagarmatha,Terai,Eastern,"Agricultural
land/ grass",94268
Siraha,Sagarmatha,Terai,Eastern,"Water
bodies",818
Siraha,Sagarmatha,Terai,Eastern,"Barren
land",4201
Siraha,Sagarmatha,Terai,Eastern,Snow,0
Siraha,Sagarmatha,Terai,Eastern,Others,0
Dhanusa,Janakpur,Terai,Central,"Total
Forest
Area",25773
Dhanusa,Janakpur,Terai,Central,Shrub,1832
Dhanusa,Janakpur,Terai,Central,"Agricultural
land/ grass",83617
Dhanusa,Janakpur,Terai,Central,"Water
bodies",1300
Dhanusa,Janakpur,Terai,Central,"Barren
land",5158
Dhanusa,Janakpur,Terai,Central,Snow,0
Dhanusa,Janakpur,Terai,Central,Others,0
Mahottari,Janakpur,Terai,Central,"Total
Forest
Area",24086
Mahottari,Janakpur,Terai,Central,Shrub,1602
Mahottari,Janakpur,Terai,Central,"Agricultural
land/ grass",70897
Mahottari,Janakpur,Terai,Central,"Water
bodies",1224
Mahottari,Janakpur,Terai,Central,"Barren
land",4836
Mahottari,Janakpur,Terai,Central,Snow,0
Mahottari,Janakpur,Terai,Central,Others,0
Sarlahi,Janakpur,Terai,Central,"Total
Forest
Area",21786
Sarlahi,Janakpur,Terai,Central,Shrub,918
Sarlahi,Janakpur,Terai,Central,"Agricultural
land/ grass",100624
Sarlahi,Janakpur,Terai,Central,"Water
bodies",488
Sarlahi,Janakpur,Terai,Central,"Barren
land",2834
Sarlahi,Janakpur,Terai,Central,Snow,0
Sarlahi,Janakpur,Terai,Central,Others,0
Sindhuli,Janakpur,Hill,Central,"Total
Forest
Area",136302
Sindhuli,Janakpur,Hill,Central,Shrub,25708
Sindhuli,Janakpur,Hill,Central,"Agricultural
land/ grass",71842
Sindhuli,Janakpur,Hill,Central,"Water
bodies",1268
Sindhuli,Janakpur,Hill,Central,"Barren
land",8442
Sindhuli,Janakpur,Hill,Central,Snow,0
Sindhuli,Janakpur,Hill,Central,Others,0
Ramechhap,Janakpur,Hill,Central,"Total
Forest
Area",48477
Ramechhap,Janakpur,Hill,Central,Shrub,33076
Ramechhap,Janakpur,Hill,Central,"Agricultural
land/ grass",67900
Ramechhap,Janakpur,Hill,Central,"Water
bodies",620
Ramechhap,Janakpur,Hill,Central,"Barren
land",6149
Ramechhap,Janakpur,Hill,Central,Snow,3906
Ramechhap,Janakpur,Hill,Central,Others,0
Dolakha,Janakpur,Mountain,Central,"Total
Forest
Area",78111
Dolakha,Janakpur,Mountain,Central,Shrub,41194
Dolakha,Janakpur,Mountain,Central,"Agricultural
land/ grass",54778
Dolakha,Janakpur,Mountain,Central,"Water
bodies",401
Dolakha,Janakpur,Mountain,Central,"Barren
land",16031
Dolakha,Janakpur,Mountain,Central,Snow,22913
Dolakha,Janakpur,Mountain,Central,Others,2985
Sindhupalchok,Bagmati,Mountain,Central,"Total
Forest
Area",92955
Sindhupalchok,Bagmati,Mountain,Central,Shrub,36017
Sindhupalchok,Bagmati,Mountain,Central,"Agricultural
land/ grass",67105
Sindhupalchok,Bagmati,Mountain,Central,"Water
bodies",162
Sindhupalchok,Bagmati,Mountain,Central,"Barren
land",17404
Sindhupalchok,Bagmati,Mountain,Central,Snow,32560
Sindhupalchok,Bagmati,Mountain,Central,Others,2679
Kavre,Bagmati,Hill,Central,"Total
Forest
Area",46448
Kavre,Bagmati,Hill,Central,Shrub,29511
Kavre,Bagmati,Hill,Central,"Agricultural
land/ grass",67492
Kavre,Bagmati,Hill,Central,"Water
bodies",434
Kavre,Bagmati,Hill,Central,"Barren
land",750
Kavre,Bagmati,Hill,Central,Snow,0
Kavre,Bagmati,Hill,Central,Others,0
Lalitpur,Bagmati,Hill,Central,"Total
Forest
Area",14620
Lalitpur,Bagmati,Hill,Central,Shrub,8250
Lalitpur,Bagmati,Hill,Central,"Agricultural
land/ grass",15553
Lalitpur,Bagmati,Hill,Central,"Water
bodies",125
Lalitpur,Bagmati,Hill,Central,"Barren
land",999
Lalitpur,Bagmati,Hill,Central,Snow,0
Lalitpur,Bagmati,Hill,Central,Others,0
Bhaktapur,Bagmati,Hill,Central,"Total
Forest
Area",583
Bhaktapur,Bagmati,Hill,Central,Shrub,611
Bhaktapur,Bagmati,Hill,Central,"Agricultural
land/ grass",5440
Bhaktapur,Bagmati,Hill,Central,"Water
bodies",1
Bhaktapur,Bagmati,Hill,Central,"Barren
land",316
Bhaktapur,Bagmati,Hill,Central,Snow,0
Bhaktapur,Bagmati,Hill,Central,Others,0
Kathmandu,Bagmati,Hill,Central,"Total
Forest
Area",12680
Kathmandu,Bagmati,Hill,Central,Shrub,5219
Kathmandu,Bagmati,Hill,Central,"Agricultural
land/ grass",22677
Kathmandu,Bagmati,Hill,Central,"Water
bodies",69
Kathmandu,Bagmati,Hill,Central,"Barren
land",2375
Kathmandu,Bagmati,Hill,Central,Snow,0
Kathmandu,Bagmati,Hill,Central,Others,0
Nuwakot,Bagmati,Hill,Central,"Total
Forest
Area",42916
Nuwakot,Bagmati,Hill,Central,Shrub,23526
Nuwakot,Bagmati,Hill,Central,"Agricultural
land/ grass",48412
Nuwakot,Bagmati,Hill,Central,"Water
bodies",405
Nuwakot,Bagmati,Hill,Central,"Barren
land",2405
Nuwakot,Bagmati,Hill,Central,Snow,1352
Nuwakot,Bagmati,Hill,Central,Others,0
Rasuwa,Bagmati,Mountain,Central,"Total
Forest
Area",47494
Rasuwa,Bagmati,Mountain,Central,Shrub,15667
Rasuwa,Bagmati,Mountain,Central,"Agricultural
land/ grass",9443
Rasuwa,Bagmati,Mountain,Central,"Water
bodies",54
Rasuwa,Bagmati,Mountain,Central,"Barren
land",8983
Rasuwa,Bagmati,Mountain,Central,Snow,25138
Rasuwa,Bagmati,Mountain,Central,Others,44308
Dhading,Bagmati,Hill,Central,"Total
Forest
Area",79205
Dhading,Bagmati,Hill,Central,Shrub,31945
Dhading,Bagmati,Hill,Central,"Agricultural
land/ grass",66322
Dhading,Bagmati,Hill,Central,"Water
bodies",745
Dhading,Bagmati,Hill,Central,"Barren
land",4464
Dhading,Bagmati,Hill,Central,Snow,6382
Dhading,Bagmati,Hill,Central,Others,0
Makwanpur,Narayani,Hill,Central,"Total
Forest
Area",137220
Makwanpur,Narayani,Hill,Central,Shrub,22578
Makwanpur,Narayani,Hill,Central,"Agricultural
land/ grass",75529
Makwanpur,Narayani,Hill,Central,"Water
bodies",817
Makwanpur,Narayani,Hill,Central,"Barren
land",5696
Makwanpur,Narayani,Hill,Central,Snow,0
Makwanpur,Narayani,Hill,Central,Others,0
Rautahat,Narayani,Terai,Central,"Total
Forest
Area",29076
Rautahat,Narayani,Terai,Central,Shrub,563
Rautahat,Narayani,Terai,Central,"Agricultural
land/ grass",78805
Rautahat,Narayani,Terai,Central,"Water
bodies",715
Rautahat,Narayani,Terai,Central,"Barren
land",3332
Rautahat,Narayani,Terai,Central,Snow,0
Rautahat,Narayani,Terai,Central,Others,0
Bara,Narayani,Terai,Central,"Total
Forest
Area",37974
Bara,Narayani,Terai,Central,Shrub,1394
Bara,Narayani,Terai,Central,"Agricultural
land/ grass",78480
Bara,Narayani,Terai,Central,"Water
bodies",298
Bara,Narayani,Terai,Central,"Barren
land",1997
Bara,Narayani,Terai,Central,Snow,0
Bara,Narayani,Terai,Central,Others,0
Parsa,Narayani,Terai,Central,"Total
Forest
Area",73131
Parsa,Narayani,Terai,Central,Shrub,922
Parsa,Narayani,Terai,Central,"Agricultural
land/ grass",63342
Parsa,Narayani,Terai,Central,"Water
bodies",181
Parsa,Narayani,Terai,Central,"Barren
land",2513
Parsa,Narayani,Terai,Central,Snow,0
Parsa,Narayani,Terai,Central,Others,0
Chitawan,Narayani,Terai,Central,"Total
Forest
Area",132746
Chitawan,Narayani,Terai,Central,Shrub,6230
Chitawan,Narayani,Terai,Central,"Agricultural
land/ grass",77280
Chitawan,Narayani,Terai,Central,"Water
bodies",2465
Chitawan,Narayani,Terai,Central,"Barren
land",3696
Chitawan,Narayani,Terai,Central,Snow,0
Chitawan,Narayani,Terai,Central,Others,0
Gorkha,Gandaki,Hill,Western,"Total
Forest
Area",101158
Gorkha,Gandaki,Hill,Western,Shrub,52885
Gorkha,Gandaki,Hill,Western,"Agricultural
land/ grass",62886
Gorkha,Gandaki,Hill,Western,"Water
bodies",497
Gorkha,Gandaki,Hill,Western,"Barren
land",23616
Gorkha,Gandaki,Hill,Western,Snow,119141
Gorkha,Gandaki,Hill,Western,Others,0
Lamjung,Gandaki,Hill,Western,"Total
Forest
Area",87552
Lamjung,Gandaki,Hill,Western,Shrub,22328
Lamjung,Gandaki,Hill,Western,"Agricultural
land/ grass",30999
Lamjung,Gandaki,Hill,Western,"Water
bodies",607
Lamjung,Gandaki,Hill,Western,"Barren
land",9116
Lamjung,Gandaki,Hill,Western,Snow,15162
Lamjung,Gandaki,Hill,Western,Others,0
Tanahu,Gandaki,Hill,Western,"Total
Forest
Area",71949
Tanahu,Gandaki,Hill,Western,Shrub,18881
Tanahu,Gandaki,Hill,Western,"Agricultural
land/ grass",60850
Tanahu,Gandaki,Hill,Western,"Water
bodies",1004
Tanahu,Gandaki,Hill,Western,"Barren
land",1410
Tanahu,Gandaki,Hill,Western,Snow,49
Tanahu,Gandaki,Hill,Western,Others,0
Syangja,Gandaki,Hill,Western,"Total
Forest
Area",51214
Syangja,Gandaki,Hill,Western,Shrub,16685
Syangja,Gandaki,Hill,Western,"Agricultural
land/ grass",45515
Syangja,Gandaki,Hill,Western,"Water
bodies",707
Syangja,Gandaki,Hill,Western,"Barren
land",1293
Syangja,Gandaki,Hill,Western,Snow,74
Syangja,Gandaki,Hill,Western,Others,0
Kaski,Gandaki,Hill,Western,"Total
Forest
Area",89087
Kaski,Gandaki,Hill,Western,Shrub,24881
Kaski,Gandaki,Hill,Western,"Agricultural
land/ grass",28361
Kaski,Gandaki,Hill,Western,"Water
bodies",1803
Kaski,Gandaki,Hill,Western,"Barren
land",10417
Kaski,Gandaki,Hill,Western,Snow,47308
Kaski,Gandaki,Hill,Western,Others,0
Manang,Gandaki,Mountain,Western,"Total
Forest
Area",11760
Manang,Gandaki,Mountain,Western,Shrub,20304
Manang,Gandaki,Mountain,Western,"Agricultural
land/ grass",279
Manang,Gandaki,Mountain,Western,"Water
bodies",378
Manang,Gandaki,Mountain,Western,"Barren
land",29828
Manang,Gandaki,Mountain,Western,Snow,165154
Manang,Gandaki,Mountain,Western,Others,0
Mustang,Dhawalagiri,Mountain,Western,"Total
Forest
Area",16723
Mustang,Dhawalagiri,Mountain,Western,Shrub,23587
Mustang,Dhawalagiri,Mountain,Western,"Agricultural
land/ grass",285
Mustang,Dhawalagiri,Mountain,Western,"Water
bodies",272
Mustang,Dhawalagiri,Mountain,Western,"Barren
land",78241
Mustang,Dhawalagiri,Mountain,Western,Snow,229295
Mustang,Dhawalagiri,Mountain,Western,Others,10856
Myagdi,Dhawalagiri,Hill,Western,"Total
Forest
Area",67898
Myagdi,Dhawalagiri,Hill,Western,Shrub,51574
Myagdi,Dhawalagiri,Hill,Western,"Agricultural
land/ grass",16744
Myagdi,Dhawalagiri,Hill,Western,"Water
bodies",330
Myagdi,Dhawalagiri,Hill,Western,"Barren
land",23035
Myagdi,Dhawalagiri,Hill,Western,Snow,70444
Myagdi,Dhawalagiri,Hill,Western,Others,0
Parbat,Dhawalagiri,Hill,Western,"Total
Forest
Area",26189
Parbat,Dhawalagiri,Hill,Western,Shrub,7756
Parbat,Dhawalagiri,Hill,Western,"Agricultural
land/ grass",15371
Parbat,Dhawalagiri,Hill,Western,"Water
bodies",141
Parbat,Dhawalagiri,Hill,Western,"Barren
land",735
Parbat,Dhawalagiri,Hill,Western,Snow,7
Parbat,Dhawalagiri,Hill,Western,Others,0
Baglung,Dhawalagiri,Hill,Western,"Total
Forest
Area",91505
Baglung,Dhawalagiri,Hill,Western,Shrub,39702
Baglung,Dhawalagiri,Hill,Western,"Agricultural
land/ grass",21453
Baglung,Dhawalagiri,Hill,Western,"Water
bodies",391
Baglung,Dhawalagiri,Hill,Western,"Barren
land",24612
Baglung,Dhawalagiri,Hill,Western,Snow,1738
Baglung,Dhawalagiri,Hill,Western,Others,0
Gulmi,Lumbini,Hill,Western,"Total
Forest
Area",51649
Gulmi,Lumbini,Hill,Western,Shrub,26853
Gulmi,Lumbini,Hill,Western,"Agricultural
land/ grass",36524
Gulmi,Lumbini,Hill,Western,"Water
bodies",364
Gulmi,Lumbini,Hill,Western,"Barren
land",3033
Gulmi,Lumbini,Hill,Western,Snow,80
Gulmi,Lumbini,Hill,Western,Others,0
Palpa,Lumbini,Hill,Western,"Total
Forest
Area",72607
Palpa,Lumbini,Hill,Western,Shrub,23736
Palpa,Lumbini,Hill,Western,"Agricultural
land/ grass",44332
Palpa,Lumbini,Hill,Western,"Water
bodies",538
Palpa,Lumbini,Hill,Western,"Barren
land",70
Palpa,Lumbini,Hill,Western,Snow,42
Nawalparasi,Lumbini,Terai,Western,"Total
Forest
Area",89635
Nawalparasi,Lumbini,Terai,Western,Shrub,15210
Nawalparasi,Lumbini,Terai,Western,"Agricultural
land/ grass",104672
Nawalparasi,Lumbini,Terai,Western,"Water
bodies",3260
Nawalparasi,Lumbini,Terai,Western,"Barren
land",9260
Nawalparasi,Lumbini,Terai,Western,Snow,25
Nawalparasi,Lumbini,Terai,Western,Others,0
Rupandehi,Lumbini,Terai,Western,"Total
Forest
Area",19897
Rupandehi,Lumbini,Terai,Western,Shrub,3989
Rupandehi,Lumbini,Terai,Western,"Agricultural
land/ grass",99894
Rupandehi,Lumbini,Terai,Western,"Water
bodies",1807
Rupandehi,Lumbini,Terai,Western,"Barren
land",9063
Rupandehi,Lumbini,Terai,Western,Snow,0
Rupandehi,Lumbini,Terai,Western,Others,0
Kapilbastu,Lumbini,Terai,Western,"Total
Forest
Area",60500
Kapilbastu,Lumbini,Terai,Western,Shrub,2232
Kapilbastu,Lumbini,Terai,Western,"Agricultural
land/ grass",104141
Kapilbastu,Lumbini,Terai,Western,"Water
bodies",2632
Kapilbastu,Lumbini,Terai,Western,"Barren
land",3951
Kapilbastu,Lumbini,Terai,Western,Snow,0
Kapilbastu,Lumbini,Terai,Western,Others,0
Arghakhanchi,Lumbini,Hill,Western,"Total
Forest
Area",69961
Arghakhanchi,Lumbini,Hill,Western,Shrub,19414
Arghakhanchi,Lumbini,Hill,Western,"Agricultural
land/ grass",24292
Arghakhanchi,Lumbini,Hill,Western,"Water
bodies",302
Arghakhanchi,Lumbini,Hill,Western,"Barren
land",865
Arghakhanchi,Lumbini,Hill,Western,Snow,0
Arghakhanchi,Lumbini,Hill,Western,Others,0
Pyuthan,Rapti,Hill,Mid-Western,"Total
Forest
Area",93042
Pyuthan,Rapti,Hill,Mid-Western,Shrub,3919
Pyuthan,Rapti,Hill,Mid-Western,"Agricultural
land/ grass",24587
Pyuthan,Rapti,Hill,Mid-Western,"Water
bodies",526
Pyuthan,Rapti,Hill,Mid-Western,"Barren
land",8547
Pyuthan,Rapti,Hill,Mid-Western,Snow,0
Pyuthan,Rapti,Hill,Mid-Western,Others,0
Rolpa,Rapti,Hill,Mid-Western,"Total
Forest
Area",150095
Rolpa,Rapti,Hill,Mid-Western,Shrub,486
Rolpa,Rapti,Hill,Mid-Western,"Agricultural
land/ grass",16458
Rolpa,Rapti,Hill,Mid-Western,"Water
bodies",67
Rolpa,Rapti,Hill,Mid-Western,"Barren
land",19027
Rolpa,Rapti,Hill,Mid-Western,Snow,0
Rolpa,Rapti,Hill,Mid-Western,Others,0
Rukum,Rapti,Hill,Mid-Western,"Total
Forest
Area",174725
Rukum,Rapti,Hill,Mid-Western,Shrub,2130
Rukum,Rapti,Hill,Mid-Western,"Agricultural
land/ grass",12961
Rukum,Rapti,Hill,Mid-Western,"Water
bodies",130
Rukum,Rapti,Hill,Mid-Western,"Barren
land",77148
Rukum,Rapti,Hill,Mid-Western,Snow,23253
Rukum,Rapti,Hill,Mid-Western,Others,0
Salyan,Rapti,Hill,Mid-Western,"Total
Forest
Area",143786
Salyan,Rapti,Hill,Mid-Western,Shrub,2610
Salyan,Rapti,Hill,Mid-Western,"Agricultural
land/ grass",36419
Salyan,Rapti,Hill,Mid-Western,"Water
bodies",526
Salyan,Rapti,Hill,Mid-Western,"Barren
land",7337
Salyan,Rapti,Hill,Mid-Western,Snow,0
Salyan,Rapti,Hill,Mid-Western,Others,0
Dang,Rapti,Terai,Mid-Western,"Total
Forest
Area",170124
Dang,Rapti,Terai,Mid-Western,Shrub,8233
Dang,Rapti,Terai,Mid-Western,"Agricultural
land/ grass",106934
Dang,Rapti,Terai,Mid-Western,"Water
bodies",1727
Dang,Rapti,Terai,Mid-Western,"Barren
land",10343
Dang,Rapti,Terai,Mid-Western,Snow,0
Dang,Rapti,Terai,Mid-Western,Others,0
Banke,Bheri,Terai,Mid-Western,"Total
Forest
Area",104269
Banke,Bheri,Terai,Mid-Western,Shrub,9461
Banke,Bheri,Terai,Mid-Western,"Agricultural
land/ grass",71475
Banke,Bheri,Terai,Mid-Western,"Water
bodies",1923
Banke,Bheri,Terai,Mid-Western,"Barren
land",6296
Banke,Bheri,Terai,Mid-Western,Snow,0
Banke,Bheri,Terai,Mid-Western,Others,0
Bardiya,Bheri,Terai,Mid-Western,"Total
Forest
Area",99364
Bardiya,Bheri,Terai,Mid-Western,Shrub,5300
Bardiya,Bheri,Terai,Mid-Western,"Agricultural
land/ grass",85809
Bardiya,Bheri,Terai,Mid-Western,"Water
bodies",2548
Bardiya,Bheri,Terai,Mid-Western,"Barren
land",4756
Bardiya,Bheri,Terai,Mid-Western,Snow,0
Bardiya,Bheri,Terai,Mid-Western,Others,0
Surkhet,Bheri,Hill,Mid-Western,"Total
Forest
Area",157687
Surkhet,Bheri,Hill,Mid-Western,Shrub,33269
Surkhet,Bheri,Hill,Mid-Western,"Agricultural
land/ grass",48653
Surkhet,Bheri,Hill,Mid-Western,"Water
bodies",1899
Surkhet,Bheri,Hill,Mid-Western,"Barren
land",7556
Surkhet,Bheri,Hill,Mid-Western,Snow,0
Surkhet,Bheri,Hill,Mid-Western,Others,0
Dailekh,Bheri,Hill,Mid-Western,"Total
Forest
Area",88699
Dailekh,Bheri,Hill,Mid-Western,Shrub,20705
Dailekh,Bheri,Hill,Mid-Western,"Agricultural
land/ grass",36341
Dailekh,Bheri,Hill,Mid-Western,"Water
bodies",167
Dailekh,Bheri,Hill,Mid-Western,"Barren
land",8812
Dailekh,Bheri,Hill,Mid-Western,Snow,353
Dailekh,Bheri,Hill,Mid-Western,Others,0
Jajarkot,Bheri,Hill,Mid-Western,"Total
Forest
Area",151306
Jajarkot,Bheri,Hill,Mid-Western,Shrub,1088
Jajarkot,Bheri,Hill,Mid-Western,"Agricultural
land/ grass",24126
Jajarkot,Bheri,Hill,Mid-Western,"Water
bodies",489
Jajarkot,Bheri,Hill,Mid-Western,"Barren
land",43401
Jajarkot,Bheri,Hill,Mid-Western,Snow,4095
Jajarkot,Bheri,Hill,Mid-Western,Others,0
Dolpa,Karnali,Mountain,Mid-Western,"Total
Forest
Area",60603
Dolpa,Karnali,Mountain,Mid-Western,Shrub,3910
Dolpa,Karnali,Mountain,Mid-Western,"Agricultural
land/ grass",77
Dolpa,Karnali,Mountain,Mid-Western,"Water
bodies",764
Dolpa,Karnali,Mountain,Mid-Western,"Barren
land",474881
Dolpa,Karnali,Mountain,Mid-Western,Snow,249817
Dolpa,Karnali,Mountain,Mid-Western,Others,0
Jumla,Karnali,Mountain,Mid-Western,"Total
Forest
Area",110531
Jumla,Karnali,Mountain,Mid-Western,Shrub,1118
Jumla,Karnali,Mountain,Mid-Western,"Agricultural
land/ grass",19819
Jumla,Karnali,Mountain,Mid-Western,"Water
bodies",338
Jumla,Karnali,Mountain,Mid-Western,"Barren
land",98595
Jumla,Karnali,Mountain,Mid-Western,Snow,18566
Jumla,Karnali,Mountain,Mid-Western,Others,0
Kalikot,Karnali,Mountain,Mid-Western,"Total
Forest
Area",87165
Kalikot,Karnali,Mountain,Mid-Western,Shrub,3846
Kalikot,Karnali,Mountain,Mid-Western,"Agricultural
land/ grass",15560
Kalikot,Karnali,Mountain,Mid-Western,"Water
bodies",0
Kalikot,Karnali,Mountain,Mid-Western,"Barren
land",48264
Kalikot,Karnali,Mountain,Mid-Western,Snow,9588
Kalikot,Karnali,Mountain,Mid-Western,Others,0
Mugu,Karnali,Mountain,Mid-Western,"Total
Forest
Area",87312
Mugu,Karnali,Mountain,Mid-Western,Shrub,9387
Mugu,Karnali,Mountain,Mid-Western,"Agricultural
land/ grass",20729
Mugu,Karnali,Mountain,Mid-Western,"Water
bodies",1360
Mugu,Karnali,Mountain,Mid-Western,"Barren
land",139358
Mugu,Karnali,Mountain,Mid-Western,Snow,69568
Mugu,Karnali,Mountain,Mid-Western,Others,0
Humla,Karnali,Mountain,Mid-Western,"Total
Forest
Area",41051
Humla,Karnali,Mountain,Mid-Western,Shrub,21954
Humla,Karnali,Mountain,Mid-Western,"Agricultural
land/ grass",12584
Humla,Karnali,Mountain,Mid-Western,"Water
bodies",677
Humla,Karnali,Mountain,Mid-Western,"Barren
land",112174
Humla,Karnali,Mountain,Mid-Western,Snow,421759
Humla,Karnali,Mountain,Mid-Western,Others,0
Bajura,Seti,Mountain,Far-Western,"Total
Forest
Area",72507
Bajura,Seti,Mountain,Far-Western,Shrub,23982
Bajura,Seti,Mountain,Far-Western,"Agricultural
land/ grass",31414
Bajura,Seti,Mountain,Far-Western,"Water
bodies",264
Bajura,Seti,Mountain,Far-Western,"Barren
land",32110
Bajura,Seti,Mountain,Far-Western,Snow,63897
Bajura,Seti,Mountain,Far-Western,Others,0
Bajhang,Seti,Mountain,Far-Western,"Total
Forest
Area",92391
Bajhang,Seti,Mountain,Far-Western,Shrub,39713
Bajhang,Seti,Mountain,Far-Western,"Agricultural
land/ grass",43697
Bajhang,Seti,Mountain,Far-Western,"Water
bodies",440
Bajhang,Seti,Mountain,Far-Western,"Barren
land",38826
Bajhang,Seti,Mountain,Far-Western,Snow,139599
Bajhang,Seti,Mountain,Far-Western,Others,0
Achham,Seti,Hill,Far-Western,"Total
Forest
Area",99144
Achham,Seti,Hill,Far-Western,Shrub,16967
Achham,Seti,Hill,Far-Western,"Agricultural
land/ grass",45102
Achham,Seti,Hill,Far-Western,"Water
bodies",422
Achham,Seti,Hill,Far-Western,"Barren
land",6219
Achham,Seti,Hill,Far-Western,Snow,154
Achham,Seti,Hill,Far-Western,Others,0
Doti,Seti,Hill,Far-Western,"Total
Forest
Area",141848
Doti,Seti,Hill,Far-Western,Shrub,17277
Doti,Seti,Hill,Far-Western,"Agricultural
land/ grass",44839
Doti,Seti,Hill,Far-Western,"Water
bodies",311
Doti,Seti,Hill,Far-Western,"Barren
land",2049
Doti,Seti,Hill,Far-Western,Snow,10
Doti,Seti,Hill,Far-Western,Others,0
Kailali,Seti,Terai,Far-Western,"Total
Forest
Area",169708
Kailali,Seti,Terai,Far-Western,Shrub,14761
Kailali,Seti,Terai,Far-Western,"Agricultural
land/ grass",129769
Kailali,Seti,Terai,Far-Western,"Water
bodies",2330
Kailali,Seti,Terai,Far-Western,"Barren
land",4715
Kailali,Seti,Terai,Far-Western,Snow,0
Kailali,Seti,Terai,Far-Western,Others,0
Kanchanpur,Mahakali,Terai,Far-Western,"Total
Forest
Area",84420
Kanchanpur,Mahakali,Terai,Far-Western,Shrub,2207
Kanchanpur,Mahakali,Terai,Far-Western,"Agricultural
land/ grass",71938
Kanchanpur,Mahakali,Terai,Far-Western,"Water
bodies",1361
Kanchanpur,Mahakali,Terai,Far-Western,"Barren
land",5680
Kanchanpur,Mahakali,Terai,Far-Western,Snow,0
Kanchanpur,Mahakali,Terai,Far-Western,Others,0
Dadeldhura,Mahakali,Hill,Far-Western,"Total
Forest
Area",105937
Dadeldhura,Mahakali,Hill,Far-Western,Shrub,11280
Dadeldhura,Mahakali,Hill,Far-Western,"Agricultural
land/ grass",31359
Dadeldhura,Mahakali,Hill,Far-Western,"Water
bodies",212
Dadeldhura,Mahakali,Hill,Far-Western,"Barren
land",1306
Dadeldhura,Mahakali,Hill,Far-Western,Snow,0
Dadeldhura,Mahakali,Hill,Far-Western,Others,0
Baitadi,Mahakali,Hill,Far-Western,"Total
Forest
Area",72020
Baitadi,Mahakali,Hill,Far-Western,Shrub,27751
Baitadi,Mahakali,Hill,Far-Western,"Agricultural
land/ grass",46368
Baitadi,Mahakali,Hill,Far-Western,"Water
bodies",370
Baitadi,Mahakali,Hill,Far-Western,"Barren
land",1229
Baitadi,Mahakali,Hill,Far-Western,Snow,0
Baitadi,Mahakali,Hill,Far-Western,Others,0
Darchaula,Mahakali,Mountain,Far-Western,"Total
Forest
Area",58177
Darchaula,Mahakali,Mountain,Far-Western,Shrub,31218
Darchaula,Mahakali,Mountain,Far-Western,"Agricultural
land/ grass",32902
Darchaula,Mahakali,Mountain,Far-Western,"Water
bodies",591
Darchaula,Mahakali,Mountain,Far-Western,"Barren
land",30750
Darchaula,Mahakali,Mountain,Far-Western,Snow,81568
Darchaula,Mahakali,Mountain,Far-Western,Others,0
